<?xml version="1.0" encoding="UTF-8"?>
<project-private xmlns="http://www.netbeans.org/ns/project-private/1">
    <editor-bookmarks xmlns="http://www.netbeans.org/ns/editor-bookmarks/2" lastBookmarkId="0"/>
    <open-files xmlns="http://www.netbeans.org/ns/projectui-open-files/2">
        <group>
            <file>file:/S:/EMOStudy_jMetal-master/EMOStudy_jMetal-master/src/jmetal/metaheuristics/moead/MOEAAD.java</file>
            <file>file:/S:/EMOStudy_jMetal-master/EMOStudy_jMetal-master/src/jmetal/operators/crossover/DifferentialEvolutionCrossover.java</file>
            <file>file:/S:/EMOStudy_jMetal-master/EMOStudy_jMetal-master/src/jmetal/metaheuristics/moead/MOEAD_main.java</file>
            <file>file:/S:/EMOStudy_jMetal-master/EMOStudy_jMetal-master/src/jmetal/core/SolutionSet.java</file>
            <file>file:/S:/EMOStudy_jMetal-master/EMOStudy_jMetal-master/src/jmetal/core/Algorithm.java</file>
            <file>file:/S:/EMOStudy_jMetal-master/EMOStudy_jMetal-master/src/jmetal/experiments/settings/MOEAAD_Settings.java</file>
        </group>
    </open-files>
</project-private>
